Date,C2,C3,C5,C7,C8,C9,C10,C14,C16,C17,C5TC_180,C5TC_182
1/1/2024,14.656,24.989,11.185,16.788,38313,46938,26805,21875,4489,18.872,28177,28177
1/2/2024,14.786,28.306,10.56,16.8,38614,47688,23691,26975,4917,20.217,28896,28896
1/3/2024,14.886,29.417,10.08,17.323,40000,49688,21668,29255,5261,20.678,29599,29599
1/4/2024,14.929,29.489,9.7,17.68,42429,52375,19868,29860,5567,20.628,30282,30282
1/5/2024,15.086,29.397,9.975,18.2,45071,54688,20795,29840,5872,20.55,31497,31497
1/8/2024,14.886,27.044,9.57,18.057,44500,53813,19205,26000,5581,19.456,29851,29851
1/9/2024,13.464,25.25,8.565,17.65,42500,51375,15405,22885,2572,18.622,26941,26941
1/10/2024,12.286,23.972,8.35,14.857,31857,46563,13732,20160,833,17.967,22362,22362
1/11/2024,11.457,22.689,8.195,13.786,27786,43813,13014,17990,-556,17.283,20105,20105
1/12/2024,10.836,22.011,7.965,13.071,23821,40688,11955,16775,-1667,16.739,18015,18015
1/15/2024,10.264,20.844,7.82,12.229,19143,38250,11282,14125,-2639,15.228,15589,15589
1/16/2024,10.057,19.872,7.815,11.971,18214,37313,11073,12595,-3056,14.867,14753,14753
1/17/2024,9.95,19.556,7.8,11.471,17107,37713,10923,12220,-3211,14.717,14375,14375
1/18/2024,9.75,21.383,8.14,11.136,15250,39500,12555,15400,-2989,15.25,15365,15365
1/19/2024,10.179,23.833,8.77,12.143,19250,43188,15473,19025,-1822,16.356,18608,18608
1/22/2024,10.136,22.794,8.32,12.964,22643,44250,13709,17800,-1822,16.333,18842,18842
1/23/2024,9.886,21.461,7.79,12.807,22321,42938,11395,15625,-2328,15.756,17412,17412
1/24/2024,9.507,21.061,8.155,13.036,23393,44375,12605,14870,-3817,15.628,17787,17787
1/25/2024,9.207,20.783,7.925,13.136,23500,44250,11495,14440,-4739,15.506,17298,17298
1/26/2024,9.714,21.311,7.87,13.35,24429,43500,11214,14960,-3039,15.689,17708,17708
1/29/2024,9.636,21.311,7.67,13.1,22571,39750,10095,14285,-2956,15.639,16337,16337
1/30/2024,9.529,20.906,7.485,12.779,20843,38188,8995,13260,-3344,15.444,15130,15130
1/31/2024,9.679,21.722,7.965,12.55,19814,38563,10786,14550,-3422,15.839,15680,15680
2/1/2024,9.521,22.15,8.415,12.171,18357,39125,12627,15280,-4033,16.156,15953,15953
2/2/2024,9.5,22.15,8.475,12.671,20786,40500,12941,15380,-4017,16.2,16837,16837
2/5/2024,9.614,22.605,8.755,12.836,21607,41563,14336,16260,-3844,16.467,17766,17766
2/6/2024,10.143,24.125,9.22,13.064,22500,43375,16809,19070,-2833,17.272,19663,19663
2/7/2024,10.079,23.425,8.69,12.964,22214,42625,14609,18060,-2222,16.961,18771,18771
2/8/2024,10.179,23.49,8.235,12.836,22000,42000,12864,17980,-1972,16.978,18215,18215
2/9/2024,10.443,24.111,9.46,12.914,22286,42125,17470,18744,-1156,17.35,19746,19746
2/12/2024,10.543,24.667,9.625,12.943,22429,42375,18680,19494,-856,17.494,20341,20341
2/13/2024,10.629,24.575,9.57,12.993,22571,42813,18941,19490,-517,17.517,20538,20538
2/14/2024,10.364,24.275,9.26,13.064,22714,44125,17795,18925,-1389,17.389,20201,20201
2/15/2024,10.236,24.245,9.05,13.114,22179,44688,16891,18870,-1767,17.317,19850,19850
2/16/2024,10.229,24.195,9.7,13.114,22071,44938,18741,18825,-1778,17.35,20304,20304
2/19/2024,10.2,24.125,9.755,13.114,21964,44938,19323,18720,-1928,17.228,20378,20378
2/20/2024,10.129,23.92,9.485,13.007,21714,44656,18536,18405,-2122,17.061,19981,19981
2/21/2024,10.3,24.66,9.645,13.214,22714,45625,19432,20040,-1261,17.411,21092,21092
2/22/2024,10.764,25.65,10.39,13.529,24107,47813,22636,21935,-56,18.028,23139,23139
2/23/2024,11.486,26.18,11.205,14.514,28571,49719,26823,23330,1467,18.561,26079,26079
2/26/2024,11.629,26.35,10.95,14.657,29214,49906,26082,23850,1667,18.75,26233,26233
2/27/2024,12.236,26.26,11.085,14.836,29929,50813,26677,23590,2689,18.75,26737,26737
2/28/2024,13.536,27.465,12.16,15.364,31429,53375,32173,25975,6056,19.517,29823,29823
2/29/2024,13.693,27.895,12.77,15.443,31857,53813,34945,26790,7361,19.978,31045,31045
3/1/2024,13.993,28.767,13.645,15.679,32750,55125,39075,28356,8389,21.013,32985,32985
3/4/2024,14.129,29.655,14.675,15.7,32643,55750,43955,30240,9556,22.033,34873,34873
3/5/2024,14.043,29.575,14.46,15.6,32357,55063,43005,30090,9250,22.178,34402,34402
3/6/2024,13.707,28.955,12.9,15.079,30071,52750,36273,28515,7611,21.8,31260,31260
3/7/2024,13.836,30.105,13.745,15.236,30929,53813,39600,30355,8389,22.228,32996,32996
3/8/2024,14.279,31.26,14.4,15.543,32107,56281,42900,32850,9611,22.9,35201,35201
3/11/2024,14.414,31.63,14.535,15.664,32579,56875,43382,33750,9944,23.167,35780,35780
3/12/2024,14.207,30.865,13.125,15.664,32357,58688,37364,32025,9333,22.739,33939,33939
3/13/2024,14.286,31.7,12.945,16.057,34214,59625,36436,33900,9167,23.122,34737,34737
3/14/2024,14.264,31.115,12.325,15.871,33714,59250,33450,32640,9306,22.811,33521,33521
3/15/2024,14.3,30.98,12.24,15.786,33071,60313,33045,32460,9194,22.7,33332,33332
3/18/2024,14.379,30.995,12.805,15.864,33286,61063,34773,32345,9417,22.856,33911,33911
3/19/2024,14.221,30.655,13.075,15.171,29857,60375,36080,31595,9306,22.714,33093,33093
3/20/2024,13.714,29.965,11.975,14.693,27821,58500,31291,30040,8000,22.417,30601,30601
3/21/2024,13.264,29.01,12.155,14.357,26679,57750,31491,28380,7167,21.95,29752,29752
3/22/2024,13.007,28.535,12.171,14.1,25643,56625,31327,27605,5222,21.572,28875,28875
3/25/2024,12.75,27.95,11.32,13.814,24786,55688,27955,26550,4333,21.056,27325,27325
3/26/2024,12.307,26.65,10.195,13.279,22921,52938,23173,24200,3117,20.217,24580,24580
3/27/2024,11.914,25.695,9.515,12.536,19886,49563,19632,22185,2028,19.494,21875,21875
3/28/2024,11.9,25.375,10.14,12.15,18357,48969,22032,21620,1944,19.361,21866,21866
3/29/2024,11.9,25.375,10.14,12.15,18357,48969,22032,21620,1944,19.361,21866,21866
4/1/2024,11.9,25.375,10.14,12.15,18357,48969,22032,21620,1944,19.361,21866,21866
4/2/2024,11.436,23.69,9.64,11.7,16857,47125,19809,18580,1200,18.311,19852,19852
4/3/2024,11.443,23.9,9.905,11.736,16857,47750,20750,18760,1233,18.244,20215,20215
4/4/2024,11.314,24.05,9.6,11.629,16286,46250,19305,18935,872,18.239,19522,19522
4/5/2024,11.236,24.305,9.215,11.55,15714,45750,17409,19225,406,18.244,18857,18857
4/8/2024,11.107,24.35,8.955,11.393,15057,44594,16350,19125,150,18.156,18226,18226
4/9/2024,10.979,24.125,8.915,11.314,14821,43688,16091,18745,-167,18,17854,17854
4/10/2024,10.964,24.95,8.99,11.321,14750,43375,16635,20000,-18,18.244,18266,18266
4/11/2024,11.321,25.65,10.355,11.536,15607,44875,22227,21500,639,18.717,20523,20523
4/12/2024,11.079,25.865,10.76,11.536,15679,44813,24473,21915,361,18.983,21164,21164
4/15/2024,11.05,25.745,10.57,11.543,15607,45031,23750,21850,317,18.9,20970,20970
4/16/2024,11.114,26.41,10.915,11.379,15571,45594,25500,23130,556,19.333,21819,21819
4/17/2024,11.114,26.86,11.66,11.4,15464,46375,28618,24150,306,19.511,22893,22893
4/18/2024,11.207,27.255,11.735,11.45,15736,48438,29386,24925,250,19.778,23598,23598
4/19/2024,11.179,27.04,11.875,11.293,15143,48500,30055,24600,250,19.6,23543,23543
4/22/2024,10.914,26.43,11.275,11.057,14450,48063,27723,23385,100,19.361,22410,22410
4/23/2024,10.521,25.91,10.835,10.086,10786,45813,25509,22445,-183,19.178,20389,20389
4/24/2024,10.45,25.69,10.45,9.786,10036,44750,23795,21785,-422,19.078,19445,19445
4/25/2024,10.279,25.28,10.13,9.764,9571,43563,22209,20720,-606,18.878,18495,18495
4/26/2024,10.164,25.13,9.915,9.707,9329,42688,21077,20630,-667,18.878,18012,18012
4/29/2024,10.057,24.992,9.58,9.671,8857,41594,19382,20395,-839,18.911,17253,17253
4/30/2024,9.979,25.145,9.965,9.571,8057,41250,20541,20870,-863,19.033,17415,17415
5/1/2024,9.95,25.15,10.006,9.6,8343,41286,20972,20806,-1108,19.3,17553,17553
5/2/2024,10.15,25.76,10.445,10.314,12214,43188,23027,22180,-667,19.65,19670,19670
5/3/2024,10.657,26.665,10.7,11.821,17429,45375,24509,23970,139,20.106,22166,22166
5/6/2024,10.657,26.665,10.7,11.821,17429,45375,24509,23970,139,20.106,22166,22166
5/7/2024,11.371,27.505,11.65,13.914,27571,49500,28773,25775,1172,20.817,26864,26864
5/8/2024,11.679,27.76,11.86,14.857,33214,54375,29932,26290,1672,21.144,29365,29365
5/9/2024,11.629,27.344,11.8,14.586,31000,51500,29730,25683,1575,21.025,28238,28238
5/10/2024,11.507,27.05,11.715,14.271,28714,50375,29541,25210,1106,20.761,27301,27301
5/13/2024,11.193,26.175,11.225,13.436,26429,49938,27618,23725,700,20.3,25773,25773
5/14/2024,10.9,25.21,11.07,12.907,23643,48875,27167,21794,406,19.767,24311,24311
5/15/2024,10.579,24.828,10.665,12.529,21500,43775,25175,20971,-6,18.369,22383,22383
5/16/2024,10.443,24.78,10.135,12.193,20000,42563,22905,20825,-278,18.211,21218,21218
5/17/2024,10.236,25.094,10.656,12.557,21257,43286,24925,21478,-1163,18.356,22180,22180
5/20/2024,10.293,25.333,10.511,12.914,22221,43714,24385,21883,-1013,18.448,22460,22460
5/21/2024,9.971,25.435,10.265,12.836,21864,43594,23145,22075,-1644,18.539,22015,22015
5/22/2024,9.579,25.16,10.24,12.636,21007,43000,22905,21595,-2583,18.483,21429,21429
5/23/2024,9.436,24.975,9.805,12.786,22500,45313,20786,21245,-2917,18.339,21432,21432
5/24/2024,9.421,24.765,10.095,12.793,22286,45125,21968,21325,-2889,18.3,21674,21674
5/27/2024,9.421,24.765,10.095,12.793,22286,45125,21968,21325,-2889,18.3,21674,21674
5/28/2024,9.4,24.375,9.985,12.743,22393,45438,21882,20995,-2917,18.306,21633,21633
5/29/2024,9.436,24.3,10.1,13,23357,47000,22336,20895,-2750,18.356,22178,22178
5/30/2024,9.464,23.97,10.885,12.729,22036,48500,25782,20460,-2594,18.23,22808,22808
5/31/2024,9.507,24.255,11.135,12.793,22250,48563,27345,20885,-2411,18.37,23389,23389
6/3/2024,9.479,24.515,11.065,12.807,22214,48313,27168,21086,-2394,18.456,23357,23357
6/4/2024,9.514,24.71,11.105,12.786,22143,47875,27514,21800,-2433,18.606,23545,23545
6/5/2024,9.671,25.24,11.185,12.879,22750,49281,28355,22980,-2061,18.811,24424,24424
6/6/2024,9.729,25.506,11.215,12.879,22793,49250,28580,23728,-1939,18.975,24689,24689
6/7/2024,9.743,25.765,11.245,12.843,22864,49156,28664,24285,-1844,19.083,24867,24867
6/10/2024,9.771,26.085,10.875,12.829,22829,49125,27645,24905,-1811,19.2,24759,24759
6/11/2024,9.571,25.62,10.33,12.357,20929,47375,24773,23970,-2011,18.989,23089,23089
6/12/2024,9.571,25.535,10.095,12.143,20357,47188,23773,23740,-2067,18.856,22608,22608
6/13/2024,9.871,26.955,11.02,12.364,21001,49438,27423,26325,-917,19.833,24752,24752
6/14/2024,9.979,26.785,10.62,12.421,21464,49125,25818,26110,289,19.744,24525,24525
6/17/2024,9.993,26.645,10.59,12.393,21250,48719,25727,25795,639,19.617,24363,24363
6/18/2024,10.043,26.595,10.74,12.35,21107,49438,26386,25670,1000,19.606,24596,24596
6/19/2024,9.979,26.54,10.635,12.286,20393,49750,25914,25495,867,19.594,24278,24278
6/20/2024,10.114,27.335,11.025,12.314,20536,53250,27709,26595,1333,19.983,25533,25533
6/21/2024,10.1,27.375,11.095,12.671,21893,53875,28086,26680,1278,20.011,26059,26059
6/24/2024,10.129,27.29,10.745,12.629,22214,53594,26586,26440,1122,19.933,25650,25650
6/25/2024,10,27.095,10.265,12.543,21800,52950,24559,25865,956,19.794,24794,24794
6/26/2024,10.329,28.01,10.595,12.95,23464,53925,25636,27480,1572,20.161,26082,26082
6/27/2024,10.607,28.815,11.33,13.357,25286,54988,28936,29090,2017,20.856,27954,27954
6/28/2024,10.7,29.2,11.165,13.679,26143,57425,28405,29910,2111,21.148,28557,28557
7/1/2024,11.021,32.625,11.48,14.164,28000,60938,30073,35875,2667,24.128,31438,31438
7/2/2024,11.129,32.3,12.17,14.357,28643,60938,32955,35420,3011,24.017,32248,32248
7/3/2024,10.979,30.29,10.86,14.343,28571,60375,27064,31695,2472,22.617,29688,29688
7/4/2024,10.886,29.19,10.745,14.414,28714,60175,26255,29420,2333,21.406,28911,28911
7/5/2024,10.693,28.505,10.28,14.264,27714,59675,24055,28210,1906,20.95,27692,27692
7/8/2024,10.614,28.155,10.26,14.136,27179,58738,23759,27465,1822,20.8,27171,27171
7/9/2024,10.493,26.98,10.02,13.943,26321,57300,22639,25060,1611,20.194,25869,25869
7/10/2024,10.493,26.985,9.935,14.514,29464,58019,22273,25145,1544,20.211,26666,26666
7/11/2024,10.407,26.815,10.01,14.307,27714,59300,22500,24940,1556,20.072,26396,26396
7/12/2024,10.764,27.13,10.02,14.593,28714,63250,22455,25405,2306,20.261,27338,27338
7/15/2024,10.836,26.78,9.89,14.514,28571,63250,21991,24815,2456,20.083,27058,27058
7/16/2024,10.693,26.225,9.2,14.414,28071,62125,18995,23660,2039,19.756,25702,25702
7/17/2024,10.564,25.64,9.13,14.014,26857,57938,18386,22400,1806,19.433,24379,24379
7/18/2024,10.707,26.135,9.565,13.957,26643,56969,20100,23576,1922,19.672,24941,24941
7/19/2024,10.421,26.05,9.725,13.7,25750,55188,21095,23435,1467,19.033,24652,24652
7/22/2024,10.329,25.97,9.705,13.636,25607,55063,20955,23305,1372,19.067,24521,24521
7/23/2024,10.121,25.23,9.45,13.4,25000,54125,19712,22410,950,18.661,23665,23665
7/24/2024,9.829,24.91,9.37,13.314,24786,53969,19223,21830,317,18.456,23246,23246
7/25/2024,9.614,24.825,9.54,12.579,21357,52875,20050,21650,-89,18.433,22363,22363
7/26/2024,9.45,24.69,9.52,12.321,19857,51500,20082,21325,-617,18.338,21676,21676
7/29/2024,9.3,24.57,9.52,12.193,19557,51156,19977,21135,-1206,18.261,21411,21411
7/30/2024,9.114,24.405,9.445,11.921,18786,49500,19618,20885,-2250,18.171,20729,20729
7/31/2024,8.879,23.87,9.335,11.471,17571,47313,19018,20020,-2833,17.867,19712,19712
8/1/2024,8.764,23.69,9.485,10.979,15071,46125,19659,19650,-3000,17.739,18986,18986
8/2/2024,8.729,23.62,9.82,10.871,14857,45719,21305,19715,-3083,17.722,19299,19299
8/5/2024,8.607,23.67,9.735,10.879,15357,46938,21036,19690,-3111,17.672,19499,19499
8/6/2024,8.671,23.97,9.715,10.936,15750,47563,21227,20362,-2894,17.78,19918,19918
8/7/2024,8.771,24.315,9.885,10.971,16071,47969,22000,21245,-2528,17.978,20509,20509
8/8/2024,8.764,24.485,9.825,10.873,15643,47875,21818,21460,-2550,18.033,20396,20396
8/9/2024,8.579,24.695,9.88,10.764,15000,47406,21968,21775,-3189,18.153,20213,20213
8/12/2024,8.486,24.725,10.038,10.471,13900,46906,22564,21765,-3300,18.13,20008,20008
8/13/2024,8.636,25.135,10.365,10.5,14000,46763,23936,22370,-3056,18.35,20540,20540
8/14/2024,9.336,25.55,11.03,10.65,14786,47325,26841,23180,-1128,18.644,21976,21976
8/15/2024,9.229,25.117,10.375,10.629,14857,47100,24230,22333,-1267,18.313,21084,21084
8/16/2024,9.264,25.04,10.485,10.557,14571,46850,24609,22165,-1244,18.289,21037,21037
8/19/2024,9.336,25.215,10.755,10.6,14714,47063,25750,22540,-989,18.378,21510,21510
8/20/2024,9.357,25.405,10.91,10.771,15550,48594,26609,23120,-600,18.483,22319,22319
8/21/2024,9.5,25.765,11.185,10.921,16050,49094,28000,24000,-222,18.783,23122,23122
8/22/2024,9.864,25.99,11.01,11.293,17500,49375,27586,24485,350,18.863,23608,23608
8/23/2024,9.9,26.28,11.005,11.236,17107,49406,27527,24955,578,18.972,23645,23645
8/26/2024,9.9,26.28,11.005,11.236,17107,49406,27527,24955,578,18.972,23645,23645
8/27/2024,9.95,26.46,10.985,10.85,15000,48844,26932,24760,539,19.189,22846,22846
8/28/2024,10.214,27.39,11.31,11.043,15679,50031,28241,26150,1094,19.794,23908,23908
8/29/2024,10.636,28.14,11.635,11.829,18750,52938,29732,27515,2028,20.383,25870,25870
8/30/2024,10.679,28,11.3,11.921,19779,52938,28282,27215,2106,20.406,25700,25700
9/2/2024,10.786,28.095,11.785,12.207,21179,53875,30798,27575,2500,20.872,26935,26935
9/3/2024,10.807,28.12,11.765,12.507,22786,57375,30677,27625,2639,20.928,27774,27774
9/4/2024,10.7,27.74,11.135,12.414,22643,57000,27823,26810,2350,20.778,26738,26738
9/5/2024,10.721,27.535,11.455,12.693,23500,57063,29132,26620,2411,20.678,27247,27247
9/6/2024,10.764,27.63,11.89,12.721,23714,57063,30991,26820,2539,20.793,27832,27832
9/9/2024,10.807,27.915,11.96,12.729,24000,57375,31414,27450,2750,20.872,28232,28232
9/10/2024,10.757,27.775,11.51,12.593,23821,56813,29841,27445,2672,20.717,27712,27712
9/11/2024,10.75,27.735,11.73,12.557,23879,56656,30401,27915,2844,20.75,27986,27986
9/12/2024,10.2,27.49,11.485,11.95,21143,55438,29800,27390,1894,20.594,26750,26750
9/13/2024,10.007,26.995,11.3,11.464,19429,54188,28795,26535,1250,20.222,25620,25620
9/16/2024,10.043,26.706,11.64,11.357,18964,53969,30270,25878,1278,20.113,25684,25684
9/17/2024,10.043,26.45,11.8,11.336,18821,53188,30870,25533,1350,19.981,25623,25623
9/18/2024,10.021,26.539,11.53,11.229,18357,51625,29875,25600,1372,20,25083,25083
9/19/2024,10.386,28.225,11.885,11.836,20071,52813,31682,28720,2083,20.929,26980,26980
9/20/2024,10.471,28.035,11.685,12,20429,52813,30978,28450,2083,20.756,26826,26826
9/23/2024,10.629,28.015,11.775,12.064,21071,53156,31468,28440,2178,20.828,27162,27162
9/24/2024,10.614,28.225,11.68,12.264,21821,53625,31073,28660,2289,20.872,27378,27378
9/25/2024,10.707,28.26,11.59,12.464,22536,53938,30559,28600,2628,20.9,27495,27495
9/26/2024,11.929,28.49,11.59,13.95,29071,56125,30450,28885,4583,21.089,29690,29690
9/27/2024,12.3,28.34,11.48,14.486,31786,58125,30005,28885,5306,21.028,30598,30598
9/30/2024,12.229,28.17,11.655,14.236,30071,58063,30588,28620,5444,20.978,30258,30258
10/1/2024,12.086,27.75,11.39,13.964,28786,57250,29005,27917,5167,20.731,29229,29229
10/2/2024,11.836,27.169,11.095,13.779,27750,56438,27374,27001,4806,20.428,28187,28187
10/3/2024,11.65,27.117,10.88,13.429,26571,54781,26601,26695,4389,20.394,27363,27363
10/4/2024,11.607,27.095,10.73,13.371,26000,54063,25934,26492,4261,20.328,26897,26897
10/7/2024,11.536,26.945,10.65,13.136,25250,52156,25477,26010,4072,20.211,26213,26213
10/8/2024,11.243,26.365,10.055,12.95,24536,50625,22886,24700,3417,19.772,24786,24786
10/9/2024,11.086,25.967,9.67,12.45,21893,48250,20900,24006,3000,19.5,23106,23106
10/10/2024,11.036,25.725,9.675,12.35,21429,47625,20923,23790,2844,19.411,22844,22844
10/11/2024,11.136,25.655,10.025,12.786,22384,48250,22241,23645,3283,19.533,23509,23509
10/14/2024,11.107,25.35,10.25,13.064,23336,48206,23300,23115,3267,19.356,23872,23872
10/15/2024,11.007,24.79,9.83,13.143,23250,47588,21691,21885,2711,18.933,22994,22994
10/16/2024,10.836,23.96,9.35,12.714,21429,44344,19582,20345,2233,18.247,21161,21161
10/17/2024,10.5,22.24,8.75,12.314,20214,42500,17023,17755,1589,17.324,19259,19259
10/18/2024,10.35,22.1,8.965,11.964,19000,41094,17723,17545,1372,17.239,18875,18875
10/21/2024,10.107,21.84,8.86,11.736,18286,39531,17136,17065,889,16.922,18174,18174
10/22/2024,9.893,21.14,8.465,11.371,16714,38063,15182,15520,333,16.483,16654,16654
10/23/2024,9.764,20.85,8.715,10.886,14750,35688,16155,14885,189,16.183,15932,15932
10/24/2024,9.764,20.885,8.775,10.543,13679,33625,16359,14795,39,16.139,15416,15416
10/25/2024,9.786,20.905,8.735,10.479,13679,33225,16405,14845,78,15.956,15395,15395
10/28/2024,9.714,20.85,8.555,9.943,12179,33475,15555,14765,11,15.828,14811,14811
10/29/2024,9.786,20.81,8.74,10.093,13036,34625,16409,14865,94,15.867,15417,15417
10/30/2024,9.721,20.455,8.62,10.079,13250,35125,15986,14425,39,15.678,15311,15311
10/31/2024,9.721,20.425,8.63,10.157,13371,35156,16053,14440,39,15.628,15365,15365
11/1/2024,9.736,20.485,8.605,10.214,13286,35000,15971,14534,50,15.967,15329,15329
11/4/2024,9.729,20.38,8.82,10.243,13286,34688,16477,14130,178,15.939,15332,15332
11/5/2024,9.893,20.845,9.35,10.3,13779,35188,18891,14793,367,16.25,16310,16310
11/6/2024,10.007,21.135,9.232,10.664,14893,38125,18900,15230,517,16.344,17086,17086
11/7/2024,10.207,21.49,9.425,10.893,15857,39388,19873,15950,689,16.567,17930,17930
11/8/2024,10.4,22.145,9.78,11.329,17679,40219,21223,17330,994,16.906,19210,19210
11/11/2024,10.736,23.27,10.005,11.843,19500,42188,22495,19650,1500,17.761,20872,20872
11/12/2024,11.021,24.535,10.275,12.45,21571,44188,24195,22355,2250,18.467,22835,22835
11/13/2024,10.95,24.15,10.19,12.521,22286,44125,23759,21955,2039,18.428,22771,22771
11/14/2024,11.121,24.78,10.45,13.286,25607,45813,24884,22844,2289,18.711,24347,24347
11/15/2024,11.393,25.775,11.63,13.621,26943,47200,30291,24895,2756,19.211,26777,26777
11/18/2024,11.336,25.675,11.23,13.45,26429,46219,29273,24750,2633,19.033,26220,26220
11/19/2024,11.05,24.31,9.825,12.95,24357,43625,23827,22210,1917,18.383,23291,23291
11/20/2024,11.029,24.07,10.4,12.871,23857,42625,25345,21715,1994,18.339,23307,23307
11/21/2024,10.95,23.77,10.325,12.607,22500,41875,24750,21225,1933,18.206,22595,22595
11/22/2024,10.914,23.375,9.96,12.471,22000,40969,23227,20485,1833,18,21778,21778
11/25/2024,10.936,23.09,10.145,12.329,21607,40313,23964,20010,1911,17.85,21673,21673
11/26/2024,10.936,22.995,10.585,12.929,24000,43063,25736,19930,2000,17.832,23049,23049
11/27/2024,10.779,22.01,9.895,12.514,22571,41375,22736,18310,1806,17.267,21302,21302
11/28/2024,10.414,20.865,9.36,11.621,18993,40188,20814,16120,1333,16.5,19172,19172
11/29/2024,10.243,20.05,8.87,11.443,17921,38875,17955,14887,1083,16.1,17686,17686
12/2/2024,10,19.19,8.705,11.121,16750,36000,16914,13435,706,15.428,16363,16363
12/3/2024,9.757,18.93,8.275,10.821,15464,31625,15082,12949,289,15.061,14863,14863
12/4/2024,9.564,18.13,7.65,10.6,14750,29719,12700,11215,-289,14.463,13345,13345
12/5/2024,9.393,17.51,7.375,10.6,15071,29800,11214,9880,-611,14.217,12690,12690
12/6/2024,9.286,17.48,7.415,10.529,14893,30175,11355,9900,-656,13.661,12727,12727
12/9/2024,9.207,17.56,7.42,10.471,14750,30250,11286,10036,-778,13.456,12702,12702
12/10/2024,9.179,17.44,7.3,10.436,14664,30406,10668,9780,-922,12.856,12464,12464
12/11/2024,8.721,17.15,6.93,10.086,13643,28438,9186,9370,-1472,12.428,11421,11421
12/12/2024,8.443,16.205,6.795,9.85,12821,27375,8191,7900,-2144,11.956,10382,10382
12/13/2024,8.457,16.23,6.99,9.857,12607,27288,8809,7915,-2156,11.972,10474,10474
12/16/2024,8.521,16.78,7.34,9.914,12821,27506,10159,8785,-2106,12.2,11116,11116
12/17/2024,8.521,16.685,6.86,9.879,12750,28875,8741,8565,-2206,12.059,10848,10848
12/18/2024,8.414,16.464,6.505,9.864,12714,28656,7295,7940,-2467,11.922,10261,10261
12/19/2024,8.164,16.615,6.245,9.029,9329,27469,5932,8265,-2961,11.917,8945,8945
12/20/2024,8.186,16.95,6.385,9.093,9571,27313,6418,8795,-2933,11.876,9244,9244
12/23/2024,8.157,16.98,6.42,9.064,9464,28438,6438,8951,-3044,11.806,9388,9388
12/24/2024,8.214,17.015,6.54,9.136,9536,28688,6744,8961,-3044,11.861,9516,9516
12/25/2024,8.214,17.015,6.54,9.136,9536,28688,6744,8961,-3044,11.861,9516,9516
12/26/2024,8.214,17.015,6.54,9.136,9536,28688,6744,8961,-3044,11.861,9516,9516
12/27/2024,8.214,17.015,6.54,9.136,9536,28688,6744,8961,-3044,11.861,9516,9516
12/30/2024,8.214,17.015,6.54,9.136,9536,28688,6744,8961,-3044,11.861,9516,9516
12/31/2024,8.214,17.015,6.54,9.136,9536,28688,6744,8961,-3044,11.861,9516,9516
1/1/2025,8.214,17.015,6.54,9.136,9536,28688,6744,8961,-3044,11.861,9516,9516
1/2/2025,8.524,18.035,6.73,9.721,10814,29431,6982,10545,-2444,12.567,10459,10459
1/3/2025,8.621,18.285,7.275,10.021,11500,30281,9055,11025,-2188,12.844,11407,11407
1/6/2025,8.471,17.64,6.84,10.079,11250,30000,7768,10000,-2469,12.506,10696,10696
1/7/2025,8.329,17.33,6.525,9.921,11000,29438,6764,9270,-2688,12.261,10102,10102
1/8/2025,8.179,17.08,6.21,9.65,9679,28813,5209,8690,-2988,11.972,9123,9123
1/9/2025,8.357,17.345,6.11,10.071,11143,29813,4836,9050,-2650,12.111,9653,9653
1/10/2025,8.714,18.155,6.245,11.557,16857,31813,5632,10560,-1831,12.561,12010,12010
1/13/2025,9.014,18.51,6.63,11.929,18357,35563,6709,11340,-1250,12.939,13391,13391
1/14/2025,9.164,18.215,6.45,12.15,18857,36000,6264,10595,-1031,12.794,13300,13300
1/15/2025,8.979,18.05,6.54,12.057,18407,35813,6541,10190,-1219,12.706,13109,13109
1/16/2025,8.743,17.97,6.4,11.757,17179,34313,5964,9890,-2031,12.7,12294,12294
1/17/2025,8.514,18.005,6.405,11.236,15250,33375,5827,9705,-2500,12.811,11555,11555
1/20/2025,8.371,17.885,6.21,11.014,14371,32781,5209,9485,-2844,12.733,11008,11008
1/21/2025,8.364,17.68,6.255,10.921,13836,31813,5186,9095,-2869,12.611,10647,10647
1/22/2025,8.379,17.745,6.205,10.814,13107,30750,4986,8975,-2869,12.6,10252,10252
1/23/2025,8.15,17.48,5.95,10.121,10286,29725,4059,8545,-3769,12.472,8967,8967
1/24/2025,7.871,17.095,5.85,9.879,9214,28544,3509,7814,-4369,12.233,8156,8156
1/27/2025,7.807,17.056,5.79,9.821,8964,28231,3257,7726,-4556,12.225,7946,7946
1/28/2025,7.779,17.15,5.705,9.786,8750,27688,2705,8022,-4844,12.294,7725,7725
1/29/2025,7.621,17.222,5.72,9.693,8429,26000,2545,8139,-6088,12.306,7267,7267
1/30/2025,7.436,17.089,5.885,9.486,7500,25625,3045,7956,-6813,12.238,6977,6977
1/31/2025,7.436,17.14,6.22,9.429,7429,25375,4227,8070,-6813,12.269,7252,7252
2/3/2025,7.457,17.04,6.27,9.271,7036,25250,4459,7908,-6906,12.322,7144,7144
2/4/2025,7.379,16.92,6.375,8.907,6250,25406,4927,7645,-7063,12.322,6998,6998
2/5/2025,7.179,16.895,6.705,8.464,4257,25156,6232,7620,-7500,12.289,6734,6734
2/6/2025,7.029,16.955,6.695,8.464,4257,25156,6224,7747,-7750,12.378,6733,6733
2/7/2025,7.029,17.16,6.71,8.514,4343,25188,6464,8268,-7625,12.407,6964,6964
2/10/2025,6.993,17.165,6.445,8.45,4164,25094,5759,8268,-7750,12.389,6716,6716
2/11/2025,6.979,17.07,6.36,8.45,3986,24844,5355,8100,-8063,12.306,6458,6458
2/12/2025,6.893,16.76,6,8.436,3714,24313,4291,7450,-8031,12.117,5899,5899
2/13/2025,6.907,16.685,6.045,8.35,3679,24531,4309,7360,-8031,12.089,5900,5900
2/14/2025,6.836,16.755,6.03,8.3,3643,24906,4291,7515,-8294,11.85,5939,5939
2/17/2025,6.821,16.8,6.015,8.343,3821,24969,4264,7644,-8356,11.828,6009,6009
2/18/2025,6.786,16.955,6.05,8.407,4121,25344,4586,7850,-8206,11.791,6282,6282
2/19/2025,6.964,17.25,6.385,8.586,4607,26375,6173,8483,-7406,11.944,7187,7187
2/20/2025,7.05,17.645,6.34,8.671,4900,26813,6359,9260,-7031,12.183,7603,7603
2/21/2025,7.157,18.2,6.485,8.893,5429,27219,6955,10285,-6831,12.444,8216,8216
2/24/2025,7.179,18.31,6.65,8.843,5786,27531,7597,10745,-6831,12.467,8620,8620
2/25/2025,7.386,18.66,7.185,8.921,6357,28050,9432,11667,-6069,12.8,9612,9612
2/26/2025,7.593,19.205,8.2,9.243,7443,29781,13749,13199,-5894,13.35,11584,11584
2/27/2025,7.814,19.83,8.695,9.486,8486,31469,16142,14434,-5225,14.389,13046,13046
2/28/2025,8.086,19.875,9.855,9.714,9307,32813,21773,14965,-4313,14.583,15074,15074
3/3/2025,8.279,20.067,10.535,9.957,10107,33688,24975,15394,-3250,14.925,16424,16424
3/4/2025,8.321,19.955,10.455,9.786,10107,33375,25068,15075,-3250,14.972,16328,16328
3/5/2025,8.336,20.125,9.61,9.679,10136,33813,21955,15485,-3281,14.961,15711,15711
3/6/2025,8.5,20.955,10.13,9.979,11286,34750,24259,17600,-2906,15.389,17267,17267
3/7/2025,8.914,22.715,10.095,11.186,16929,37275,24477,21010,-1438,16.206,20084,20084
3/10/2025,9.143,22.87,10.075,11.236,17214,38488,24691,21550,-969,16.317,20554,20554
3/11/2025,9.143,22.725,10.06,11.271,17179,38613,24800,21160,-781,16.254,20514,20514
3/12/2025,9.593,24.05,11.095,11.736,18557,40063,28773,23895,556,17.156,22884,22884
3/13/2025,9.829,24.625,11.58,11.893,18964,41063,31023,24990,919,17.539,23992,23992
3/14/2025,9.757,24.355,10.665,11.893,19643,43125,28605,24485,981,17.35,23697,23697
3/17/2025,9.721,24.371,10.042,11.886,19814,43219,25532,24350,1019,17.694,22954,22954
3/18/2025,9.65,24.115,9.805,11.864,19457,43156,24191,24290,1025,17.644,22507,22507
3/19/2025,9.65,24,9.675,11.836,19421,42781,23359,23990,1038,17.617,22170,22170
3/20/2025,9.764,24.08,9.655,11.821,19357,42594,23191,24130,1163,17.706,22139,22139
3/21/2025,9.907,24.485,9.35,11.936,19950,42313,22114,24850,1381,18.328,22190,22190
3/24/2025,10.014,25,9.33,11.971,20143,42375,21577,25555,1563,19,22311,22311
3/25/2025,10.014,24.71,9.03,11.936,19929,42313,20373,24800,1963,18.872,21810,21810
3/26/2025,10.114,24.145,8.69,12.057,20393,42063,18995,23735,2906,18.517,21402,21402
3/27/2025,10.043,23.68,8.635,12.051,20107,41563,18659,22880,2800,17.639,20957,20957
3/28/2025,10,23.08,8.655,11.979,19821,41281,18568,21615,2738,17.117,20503,20503
3/31/2025,10.036,23,8.675,11.971,19821,41031,18527,21520,2769,17.1,20442,20442
4/1/2025,10.021,22.79,8.745,11.914,19429,40813,18632,21095,2750,17.017,20234,20234
4/2/2025,9.843,22.45,9.235,11.643,18500,40500,20495,20415,2263,16.9,20198,20198
4/3/2025,9.729,22.175,9.35,11.193,16571,39250,20661,19783,1781,16.733,19383,19383
4/4/2025,9.657,21.815,8.78,10.979,15857,38531,18582,19160,1500,16.511,18404,18404
4/7/2025,9.121,20.67,7.93,10.6,15036,37156,15464,17585,500,15.717,16728,16728
4/8/2025,8.964,19.805,7.61,10.429,14679,36750,14132,16280,119,15.261,15881,15881
4/9/2025,8.421,18.71,7.265,9.879,12821,35469,12514,14740,-681,14.611,14367,14367
4/10/2025,8.479,18.915,7.59,9.836,12614,35375,14209,14930,-738,14.722,14768,14768
4/11/2025,8.664,19.185,7.735,9.771,12195,35156,14796,15420,-363,14.844,14952,14952
4/14/2025,8.75,19.31,7.79,9.836,12571,35338,14877,15610,-269,14.889,15148,15148
4/15/2025,8.614,18.735,7.56,9.786,12429,35063,13895,14520,-475,14.25,14535,14535
4/16/2025,8.129,18.555,7.225,9.664,12107,34875,12277,13980,-1731,13.978,13734,13734
4/17/2025,8.1,18.825,7.14,9.75,12464,35125,12059,14475,-1819,14.167,13913,13913
4/18/2025,8.1,18.825,7.14,9.75,12464,35125,12059,14475,-1819,14.167,13913,13913
4/21/2025,8.1,18.825,7.14,9.75,12464,35125,12059,14475,-1819,14.167,13913,13913
4/22/2025,8.064,18.685,7.085,9.743,12536,35156,11709,14258,-1969,14.128,13774,13774
4/23/2025,8.186,19.02,7.33,9.857,12929,35563,12714,14815,-1581,14.318,14362,14362
4/24/2025,8.264,19.485,7.755,10.15,13786,36250,14205,15950,-1675,14.6,15307,15307
4/25/2025,8.371,19.755,7.815,10.25,14214,36594,14532,16375,-1500,14.761,15667,15667
4/28/2025,8.493,19.845,8.07,10.779,15786,36906,15550,16485,-1188,14.806,16420,16420
4/29/2025,8.436,19.695,8.005,10.714,16071,36844,15555,16190,-1213,14.739,16408,16408
4/30/2025,8.436,19.45,8.025,10.6,15750,36788,15677,15845,-1213,14.594,16265,16265
5/1/2025,8.436,19.375,8.061,11.121,17821,37593,15967,15788,-1214,14.529,16941,16941
5/2/2025,8.443,19.345,8.005,11.314,18357,38719,15941,15900,-1188,14.483,17241,17241
5/5/2025,8.443,19.345,8.005,11.314,18357,38719,15941,15900,-1188,14.483,17241,17241
5/6/2025,8.407,19.156,7.9,11.243,18250,38063,15290,15633,-1231,14.413,16897,16897
5/7/2025,8.221,18.91,7.8,10.957,16821,36844,14827,14928,-1600,14.267,16050,16050
5/8/2025,8.043,18.405,7.69,10.079,13143,35375,14359,13822,-1769,13.986,14532,14532
5/9/2025,7.864,18.215,7.49,9.957,13071,35075,13668,13400,-2000,13.878,14169,14169
5/12/2025,7.936,18.36,7.56,10.021,13214,35250,13896,13617,-1869,13.939,14354,14354
5/13/2025,7.9,18.185,7.415,9.886,12679,35094,13140,13020,-1900,13.844,13859,13859
5/14/2025,7.836,18.155,7.3,9.879,12557,35844,12482,12717,-2000,13.828,13670,13670
5/15/2025,8.05,18.665,7.47,10.257,13564,37750,13205,13883,-1525,14.1,14691,14691
5/16/2025,8.321,19.405,8.195,11.326,17036,38719,15918,15161,-1063,14.5,16736,16736
5/19/2025,8.071,18.67,7.705,11.071,16593,37813,13873,13944,-1388,14.022,15656,15656
5/20/2025,8.02,18.27,7.885,11.027,16350,37088,14395,13206,-1356,13.961,15454,15454
5/21/2025,8.057,18.585,8.215,10.85,15679,34188,15723,13672,-1275,13.961,15383,15383
5/22/2025,8.143,18.755,8.36,10.851,15572,33938,16532,14011,-1325,14.039,15605,15605
5/23/2025,8.107,18.835,8.55,10.829,15321,33813,17236,14194,-1263,14.108,15757,15757
5/26/2025,8.107,18.835,8.55,10.829,15321,33813,17236,14194,-1263,14.108,15757,15757
5/27/2025,8.057,19.12,8.27,10.357,13071,33500,16491,14411,-1406,14.228,15005,15005
5/28/2025,8.029,19.67,8.35,10.336,13214,33975,17127,15522,-1387,14.428,15539,15539
5/29/2025,8.314,20.106,8.767,10.909,15921,35393,18590,16613,-1050,14.719,17074,17074
5/30/2025,8.693,22,8.945,11.587,17679,37000,19414,20283,-669,15.856,18885,18885
6/2/2025,8.693,21.99,8.965,11.601,17893,37313,19764,20306,-669,15.9,19071,19071
6/3/2025,8.687,21.884,9.265,11.61,18016,37626,20975,20081,-974,15.845,19350,19350
6/4/2025,9.093,22.3,9.76,11.914,18786,39063,23277,20933,-450,16.217,20576,20576
6/5/2025,9.836,24.594,10.544,12.493,21000,41143,26810,25306,1357,17.869,23592,23592
6/6/2025,9.971,24.489,10.445,12.643,21436,41344,26300,25100,1556,17.775,23572,23572
6/9/2025,10.057,24.133,10.091,14.271,27857,43357,25070,24433,1607,17.75,24961,24961
6/10/2025,9.993,23.41,9.74,14.536,28714,43594,23795,22990,1556,16.772,24519,24519
6/11/2025,10.293,24.77,9.51,14.993,30371,46325,22882,25275,2050,17.372,25679,25679
6/12/2025,10.914,26.3,10.37,16.443,35929,52125,26150,27845,3875,19.489,29481,29481
6/13/2025,11.25,26.63,11.015,16.9,36857,54406,28682,28270,4906,19.678,30866,30866
6/16/2025,11.321,26.6,10.99,17.057,37107,55063,28495,28125,5031,19.75,30944,30944
6/17/2025,11.287,26.075,10.42,17.194,38051,55626,26082,26965,5033,19.456,30357,30357
6/18/2025,11.207,24.53,9.52,17.414,38500,54250,22127,23650,5563,18.683,28546,28546
6/19/2025,10.936,22.85,9.315,16.221,33714,51625,20191,19988,4781,17.574,25524,25524
6/20/2025,10.836,22.395,9.24,15.34,30264,49563,19423,18780,4531,17.311,23879,23879
6/23/2025,10.707,22.47,9.175,15.097,29393,48656,18968,18705,4150,17.372,23367,23367
6/24/2025,10.721,23.175,8.923,14.936,29071,48438,18086,20065,4000,17.589,23360,23360
6/25/2025,10.314,22.55,8.41,14.636,28214,48094,16436,19840,3662,17.183,22592,22592
6/26/2025,9.836,21.62,6.88,13.864,25750,44063,10282,18567,2313,16.594,19447,19447
6/27/2025,9.457,20.935,6.67,13.55,24821,43062,9141,17340,1594,16.15,18408,18408
6/30/2025,9.157,19.985,6.905,13.229,23393,41413,9655,15755,1063,15.783,17510,17510
7/1/2025,8.986,19.415,6.945,12.883,21821,40350,9923,14387,800,15.417,16677,16677
7/2/2025,8.936,18.77,7.06,12.686,20893,40056,10261,13305,963,15,16242,16242
7/3/2025,8.693,18.75,7.385,12.129,18643,39125,11859,13061,-613,13.978,15705,15705
7/4/2025,8.456,18.672,7.44,11.891,17714,38294,12264,13051,-1294,13.911,15382,15382
7/7/2025,8.386,18.605,7.565,11.664,17000,36888,12805,13075,-1594,13.889,15132,15132
7/8/2025,8.186,18.445,7.515,11.314,15757,35106,12782,12683,-1381,13.711,14521,14521
7/9/2025,8.143,18.425,7.315,10.871,13786,33900,12018,12701,-1188,13.617,13715,13715
7/10/2025,8.193,18.82,7.535,10.55,12214,34163,12980,13384,-931,13.814,13799,13799
7/11/2025,8.929,19.985,8.22,12.364,19929,37150,15814,15490,6,14.672,17453,17453
7/14/2025,9.291,20.4,8.138,14.35,26000,39525,15995,16677,194,15.044,19633,19633
7/15/2025,9.471,20.995,8.42,14.767,28786,40700,16909,17695,544,15.356,21003,21003
7/16/2025,9.7,21.455,8.795,14.917,28750,41500,18645,18927,1119,15.619,21908,21908
7/17/2025,10.364,22.714,9.745,15.471,30500,48750,23064,21220,2119,16.58,25055,25055
7/18/2025,10.85,23.045,9.62,15.4,31000,50563,22732,21960,2650,16.939,25575,25575
7/21/2025,10.857,22.93,9.51,14.621,28571,49875,22432,21625,2625,16.911,24720,24720
7/22/2025,11.35,23.115,9.565,15.05,30000,50375,22623,22060,3375,17.167,25390,25390
7/23/2025,11.757,23.88,10.05,15.786,32571,54688,25227,23515,4188,17.639,27688,27688
7/24/2025,12.164,24.7,10.575,17.821,41071,57688,27650,25338,5625,18.25,31429,31429
7/25/2025,12.243,24.745,10.285,18.214,42357,60094,26223,25413,5969,18.258,31756,31756
7/28/2025,12.143,24.585,10.25,18.049,41500,59656,26118,25018,5438,18.119,31296,31296
7/29/2025,11.8,24.005,9.952,16.857,36821,55088,24882,23855,4438,17.789,28830,28830
7/30/2025,11.414,23.415,9.775,15.693,32357,50125,24023,22495,3500,17.328,26422,26422
7/31/2025,11.507,23.805,10.295,15.557,31643,49500,25914,23235,3781,17.594,26858,26858
8/1/2025,11.664,24.185,10.67,15.479,31214,49625,27300,23905,4188,17.839,27331,27331
8/4/2025,11.6,23.915,9.915,15.171,30214,49000,24595,23470,3938,17.711,26187,26187
8/5/2025,11.393,23.665,9.6,14.393,27607,48063,23286,23010,3563,17.456,24929,24929
8/6/2025,11.629,24.135,10.37,14.629,28786,48750,26486,24070,4038,17.739,26434,26434
8/7/2025,11.714,24.075,9.985,14.871,29964,50094,25236,23955,4200,18.483,26576,26576
8/8/2025,11.907,25.02,10.6,14.879,29679,50188,27818,25965,4619,19.017,27716,27716
8/11/2025,11.9,25.035,10.475,14.871,29286,49969,27468,25965,4638,19.033,27506,27506
8/12/2025,11.879,24.925,10.16,14.814,29000,49438,26486,25735,4506,18.861,27048,27048
8/13/2025,12.179,25.075,9.975,14.814,29036,50813,25955,25795,5263,18.894,27206,27206
8/14/2025,12.207,25.1,10.145,14.75,28786,50813,26718,25985,5438,18.944,27404,27404
8/15/2025,12.171,24.872,9.897,15.029,30357,50281,25535,25550,5419,18.806,27323,27323
8/18/2025,12.079,24.51,9.767,14.829,29214,49844,24873,24880,5325,18.324,26638,26638
8/19/2025,11.843,24,9.195,14.493,27821,48500,21986,23955,4550,17.911,25072,25072
8/20/2025,11.55,23.475,9.04,13.664,25250,46906,21200,23240,3938,17.489,23778,23778
8/21/2025,11.3,23.269,8.75,13.079,23143,44406,19777,22820,3456,17.338,22418,22418
8/22/2025,11.334,23.44,9.395,13.129,23214,44094,22168,23365,3688,17.422,23160,23160
8/25/2025,11.334,23.44,9.395,13.129,23214,44094,22168,23365,3688,17.422,23160,23160
8/26/2025,11.8,24.72,10.72,13.129,22607,44250,28068,25515,4488,18.183,25140,25140
8/27/2025,11.886,24.71,10.325,13.107,22536,44469,26364,25555,4906,18.111,24786,24786
8/28/2025,11.7,24.435,10.025,12.821,21750,42781,25323,25020,4375,17.939,23918,23918
8/29/2025,11.864,24.48,10.2,12.907,21829,42975,26105,25280,4656,18.222,24257,24257
9/1/2025,12.114,24.465,10.265,12.893,21791,43039,26464,25280,5531,18.456,24455,24455
9/2/2025,11.807,24.265,10.11,12.843,21429,42438,25677,24725,4588,18.339,23836,23836
9/3/2025,11.636,23.695,9.952,12.5,20464,41938,24764,23715,4125,18.011,22994,22994
9/4/2025,11.614,23.655,10.11,12.529,20729,42938,25655,23535,4063,17.967,23355,23355
9/5/2025,11.493,23.57,9.99,12.843,21893,43188,25155,23440,3938,17.9,23513,23513
9/8/2025,11.586,23.675,10.36,12.936,22329,43381,26800,23715,4131,18,24150,24150
9/9/2025,11.721,24.06,10.51,13.129,23107,44250,27780,24685,4738,18.209,25017,25017
9/10/2025,11.793,24.09,10.59,13.55,24214,44594,28045,24875,4856,18.261,25465,25465
9/11/2025,12.321,23.71,10.295,13.486,24243,44494,26620,24050,7425,18.006,25218,25218
9/12/2025,12.379,23.59,10.245,13.5,24593,45219,26669,23940,8031,17.961,25457,25457
9/15/2025,12.486,23.78,10.62,13.543,24807,45594,28485,24435,8200,18.233,26156,26156
9/16/2025,12.514,23.94,10.4,13.721,25571,47250,27720,24725,8263,18.294,26443,26443
9/17/2025,12.636,24.03,10.585,14.321,27750,48250,28580,24820,8375,18.35,27366,27366
9/18/2025,12.779,24.52,10.955,14.557,28536,48813,30205,25780,8450,18.644,28288,28288
9/19/2025,12.886,24.77,10.94,14.721,28900,49125,29975,26320,8519,18.767,28504,28504
9/22/2025,12.739,24.845,10.775,14.264,27357,49063,29000,26495,8456,18.772,27903,27903
9/23/2025,12.914,25.015,10.77,14.9,29786,49644,29195,27000,8550,18.891,28770,28770
9/24/2025,13.143,25.75,10.815,15.129,30643,51125,29570,28345,8844,19.333,29636,29636
9/25/2025,13.243,25.985,11,15.207,31179,51500,30490,28855,9000,19.511,30194,30194
9/26/2025,13.286,25.935,10.9,15.293,31229,51506,30090,28680,9106,19.472,30076,30076
9/29/2025,13.079,25.755,10.575,15.193,30793,51063,28265,27870,8906,19.353,29228,29228
9/30/2025,12.564,24.74,10.095,14.664,29143,49281,25865,26020,7906,18.75,27405,27405
10/1/2025,12.014,23.725,9.07,13.443,24536,44906,21685,23870,6656,17.944,23968,23968
10/2/2025,11.9,23.52,8.91,12.8,22143,42625,20240,23520,6063,17.767,22562,22562
10/3/2025,11.814,23.533,8.975,12.729,21964,42688,20483,23556,6063,17.825,22595,22595
10/6/2025,11.9,23.872,9.295,12.836,22393,43906,21894,24420,6306,17.919,23453,23453
10/7/2025,12.007,23.967,9.46,12.9,22807,44188,22605,24900,6606,18,23927,23927
10/8/2025,12.057,24.05,9.5,13.121,23643,44844,22725,24872,6688,17.986,24252,24252
10/9/2025,11.25,23.55,9.39,12.65,21857,44063,22085,24056,4750,17.686,23101,23101
10/10/2025,11.171,23.56,9.625,12.636,21693,42751,23277,24110,4813,17.738,23216,23216
10/13/2025,11.557,25.2,12.15,13.243,23743,45250,35214,28010,5875,18.831,28132,28132
10/14/2025,11.256,23.709,10.305,12.713,22281,43694,27800,25264,5117,17.822,24938,24938
10/15/2025,11.094,23.295,10.165,12.468,21450,42628,27095,24495,4772,17.561,24185,24185
10/16/2025,11.281,24.213,10.555,12.613,22000,43389,28845,26241,5306,18.172,25358,25358
10/17/2025,11.344,24.523,10.485,12.744,22844,44056,28559,27209,5778,18.383,25882,25882
10/20/2025,11.394,24.518,10.48,12.763,22969,44250,28523,27182,5956,18.356,25944,25944
10/21/2025,11.431,24.605,10.69,12.825,23188,44378,29809,27355,6150,18.428,26404,26404
10/22/2025,11.306,24.309,10.75,12.738,22831,44211,30236,26555,6133,18.28,26199,26199
10/23/2025,11.313,23.659,10.405,12.638,22419,43833,28759,25286,6171,17.889,25367,25367
10/24/2025,11.238,22.845,9.705,12.4,21644,42989,25382,23686,6078,17.372,23811,23811
10/27/2025,11.163,22.764,9.625,12.338,21294,43083,24991,23382,5856,17.328,23534,23534
10/28/2025,11.1,22.477,9.347,12.365,21363,44000,23479,22650,5728,17.189,23089,23089
10/29/2025,11.244,22.773,9.325,12.575,22063,44306,23582,23368,6311,17.289,23580,23580
10/30/2025,11.406,23.377,9.515,12.894,23094,45222,24250,24491,6528,17.817,24428,24428
10/31/2025,11.394,23.314,9.28,13.013,23344,45639,23368,24400,6444,17.794,24288,24288
11/3/2025,11.325,23.014,9.12,13.031,23438,45917,22514,23747,6322,17.606,23955,23955
11/4/2025,11.331,22.991,9.485,13.163,23813,46183,23877,23784,6419,17.648,24444,24444
11/5/2025,11.469,23.168,10.085,13.375,24813,46417,26482,24400,6778,17.811,25573,25573
11/6/2025,11.669,23.432,10.55,13.675,26075,47389,28850,25273,7322,17.972,26888,26888
11/7/2025,12.106,23.418,10.365,14.419,29469,48050,28080,25232,8056,17.993,27709,27709
11/10/2025,12,23.305,10.32,14.3,28844,45556,27930,24723,7950,17.908,27063,27063
11/11/2025,11.906,23.123,10.245,14.163,28078,44450,27535,24132,7811,17.818,26469,26469
11/12/2025,11.725,22.727,9.5,13.981,27219,43944,24050,23268,7517,17.62,25067,25067
11/13/2025,11.819,22.777,10.035,14.206,28250,44306,26315,23355,7694,17.68,25980,25980
11/14/2025,12.113,23.505,10.295,14.45,29094,44817,27460,24882,8056,17.98,26968,26968
11/17/2025,12.275,23.605,10.315,14.688,30156,46417,27770,25118,8267,18.075,27597,27597
11/18/2025,12.631,24.377,10.785,15.05,31450,47961,30147,26650,8828,18.495,29160,29160
11/19/2025,12.906,24.727,10.785,15.681,33938,48794,30197,27468,9233,18.715,30154,30154
11/20/2025,13.064,24.72,10.785,15.8,34000,48831,30315,27480,9531,18.689,30244,30244
11/21/2025,13.113,24.632,10.48,16.188,34856,49778,29150,27414,9717,18.627,30292,30292
11/24/2025,13.25,24.741,10.695,16.206,34956,50167,30245,27482,9950,18.675,30685,30685
11/25/2025,13.488,24.745,10.595,16.219,35356,50567,30161,27764,10372,18.675,30938,30938
11/26/2025,14.125,24.691,10.96,17.156,39938,52528,31625,28082,13461,18.775,33160,33160
11/27/2025,15.088,24.523,11.605,17.55,41688,56278,34595,27818,16583,19.655,35133,35133
11/28/2025,15.625,25.091,11.89,18.131,43750,61778,36180,29105,17417,19.955,37158,37158
12/1/2025,16.025,25.282,12.075,18.319,44406,62944,37040,29582,17722,20.175,37840,37840
12/2/2025,16.144,25.436,12.21,18.588,45313,63500,37915,29882,17694,20.25,38427,38427
12/3/2025,17.731,25.868,12.605,22.46,61938,70611,40290,30877,20556,20.675,44672,44672
12/4/2025,17.738,25.718,12.075,22.366,61875,71500,37815,30632,20722,21.465,44108,44108
12/5/2025,17.275,25.059,12.02,21.556,59125,65583,37465,29445,19556,20.965,42151,42151
12/8/2025,17.038,24.823,12.115,21.306,57563,64694,37865,28773,19472,19.58,41571,41571
12/9/2025,16.419,24.168,11.64,19.963,51438,61028,35560,27127,17944,18.955,38403,38403
12/10/2025,16,22.764,10.855,19.156,48000,59056,31730,24323,17050,18.14,35527,35527
12/11/2025,15.288,22.014,10.13,18.188,43813,55556,27875,23032,15556,17.52,32569,32569
12/12/2025,14.075,21.886,10.49,16.675,37375,53111,29540,22886,13133,17.41,30731,30731
12/15/2025,13.631,22.155,10.82,16.244,36000,52806,31443,23477,12083,17.595,30841,30841
12/16/2025,14.088,24.995,10.525,16.444,36450,53056,30050,27741,12861,18.66,31800,31800
12/17/2025,14.3,24.295,10.365,15.744,34438,51917,28990,26818,12683,18.275,30637,30637
12/18/2025,14.25,24.073,10.5,15.438,33525,51278,29520,26959,12556,18.15,30480,30480
12/19/2025,14.313,24.177,10.095,15.306,33131,50944,28125,27132,12694,17.555,30052,30052
12/22/2025,14.206,24.214,9.795,15.131,32631,50417,26780,27195,12517,17.515,29518,29518
12/23/2025,13.663,23.75,8.745,14.906,31631,49333,22120,26195,12183,17.15,27676,27676
12/24/2025,13.531,23.618,8.915,14.769,31125,48972,22415,25968,12194,17.08,27523,27523
12/25/2025,13.531,23.618,8.915,14.769,31125,48972,22415,25968,12194,17.08,27523,27523
12/26/2025,13.531,23.618,8.915,14.769,31125,48972,22415,25968,12194,17.08,27523,27523
12/29/2025,13.531,23.618,8.915,14.769,31125,48972,22415,25968,12194,17.08,27523,27523
12/30/2025,13.531,23.618,8.915,14.769,31125,48972,22415,25968,12194,17.08,27523,27523
12/31/2025,13.531,23.618,8.915,14.769,31125,48972,22415,25968,12194,17.08,27523,27523
1/1/2026,13.531,23.618,8.915,14.769,31125,48972,22415,25968,12194,17.08,27523,27523
1/2/2026,13.356,22.214,8.46,14.706,34469,53194,22623,26332,14956,16.38,24687,28190
1/5/2026,13.288,21.936,8.3,14.719,34281,53056,21545,26014,14672,16.255,24149,27652
1/6/2026,13.306,22.2,8.13,14.719,34050,52861,20582,26436,14633,16.335,23854,27357
1/7/2026,12.106,21.723,7.99,14.513,32938,51778,19982,25482,10567,15.885,22595,26098
1/8/2026,11.631,21.077,7.88,13.994,30325,49167,19336,24564,8630,15.495,21179,24682
1/9/2026,11.144,20.823,7.855,13.338,28344,48389,19136,24050,7496,15.343,20444,23947
1/12/2026,10.906,20.786,7.71,13.169,27219,48028,18523,23850,6472,15.235,19838,23341
1/13/2026,10.588,20.327,7.515,12.75,25438,45722,17773,22932,5561,15.005,18677,22180
1/14/2026,10.231,19.182,7.545,12.256,23813,43750,17895,20691,4694,14.405,17560,21063
1/15/2026,9.819,19.259,7.225,11.675,21938,41056,16355,20632,3389,14.17,16226,19729
1/16/2026,9.669,19.559,7.45,11.65,22344,41194,17000,21286,3206,14.285,16670,20173
1/19/2026,9.794,20.277,8.11,12.344,24156,41778,19627,22609,3433,14.515,18293,21796
1/20/2026,10.144,20.932,8.495,12.938,25344,44278,21586,23769,3789,15.08,19804,23307
1/21/2026,10.475,21.95,8.625,13.569,27031,47167,22377,25761,4472,15.664,21279,24782
1/22/2026,10.431,21.886,7.78,13.588,26875,47331,18836,25523,4461,15.63,19976,23479
1/23/2026,10.413,21.777,7.855,13.431,26344,46611,19318,25377,4378,15.595,19928,23431
